﻿rza0041,"Aghabeg, Ryan",01,,,,,,
mza0131,"Alharbi, Moayad Abdulhadi",11,,,,,,
hda0004,"Arnold, Harrison",07 ,,,,,,
jza0044,"Aufderheide, Justin",03,,,,,,
qia0001,"Austin, Quatez",10,,,,,,
cgb0053,"Bailey, Colton",12,,,,,,
spb0023,"Bailey, Steven",03,,,,,,
elb0046,"Baker, Evan",01,,,,,,
wjb0031,"Baldwin, William",04,,,,,,
mlb0126,"Bankson, Matthew",07 ,,,,,,
cob0013,"Barnett, Carson",03,,,,,,
isb0007,"Basilio, Ian",02,,,,,,
mmb0100,"Beard, McKenna",09,,,,,,
nmb0032,"Belvin, Nicholas",10,,,,,,
jrb0135,"Bennett, John",02,,,,,,
nlb0031,"Biagioni, Nathan",07 ,,,,,,
hbb0013,"Boyles, Haiden",12,,,,,,
mwb0044,"Brock, Matthew",03,,,,,,
jfb0029,"Brouillette, Justin",10,,,,,,
dlb0054,"Brown, Deante",07 ,,,,,,
tab0079,"Brown, Teddy",02,,,,,,
jnc0038,"Capelman, James",10,,,,,,
jdc0108,"Caraway, Jayce",11,,,,,,
tac0051,"Carson, Troy",09,,,,,,
amc0178,"Carter, Allen",11,,,,,,
rac0059,"Castleberry, Ryan",09,,,,,,
ccc0077,"Chandler, Christopher",06,,,,,,
rcc0049,"Chandler, Robert",02,,,,,,
zzc0033,"Chen, Zhiyuan",08,,,,,,
wnc0006,"Cherry, William",03,,,,,,
shc0016,"Cho, Seo",01,,,,,,
mmc0047,"Chung, Michael",11,,,,,,
bnc0028,"Cigelske, Benjamin",07 ,,,,,,
ejc0041,"Cost, Elijah",11,,,,,,
jtd0053,"Davidson, Joshua",02,,,,,,
kbd0014,"Davis, Kyle",05,,,,,,
cpd0015,"Dejesus, Christopher",10,,,,,,
jsd0026,"Dennis, John",07 ,,,,,,
tzd0030,"Diaz Holt, Taylor",10,,,,,,
gcd0009,"Dillard, Grant",03,,,,,,
amd0121,"Doll, Alexis",03,,,,,,
jtd0058,"Dollar, Jacob",11,,,,,,
jwd0037,"Drinkwater, John",10,,,,,,
jmd0109,"Dummer, Justin",09,,,,,,
epd0010,"Dvoskin, Eli",01,,,,,,
sje0011,"Eady, Sierra",12,,,,,,
kce0006,"Elbrecht, Katelyn",04,,,,,,
nee0006,"Evans, Nathan",07 ,,,,,,
mzf0054,"Faridi, Mukarram Ali",03,,,,,,
mmf0050,"Favazza, Matt",09,,,,,,
jdf0041,"Foshee, Jonathan",12,,,,,,
azf0046,"Foster, Adia",01,,,,,,
zzf0013,"Fu, Zimeng",09,,,,,,
bhf0005,"Fuller, Brian",12,,,,,,
arg0052,"Galloway, Alan",06,,,,,,
jtg0043,"Gardner, James",01,,,,,,
ssg0018,"Garvin, Samuel",04,,,,,,
teg0012,"Gaston, Tiffany",03,,,,,,
jmg0096,"Gerwe, Janae",08,,,,,,
ang0041,"Gibson, Ashley",04,,,,,,
jbg0037,"Gilbert, Jackson",02,,,,,,
dtg0010,"Gilleland, Devin",11,,,,,,
khg0011,"Goode, Kendall",02,,,,,,
bsg0013,"Grier, Blake",07 ,,,,,,
kag0068,"Grogan, Katelin",01,,,,,,
dmg0032,"Gun, David",03,,,,,,
flh0006,"Hairston-Terry, Franklin",03,,,,,,
rrh0015,"Halani, Rizwan",03,,,,,,
jeh0031,"Hall, Joseph",09,,,,,,
joh0013,"Hall, Jude",02,,,,,,
jdh0102,"Halog, John Peter",08,,,,,,
cah0147,"Hamlin, Connor",10,,,,,,
yzh0088,"Han, Yingsong",11,,,,,,
wjh0021,"Haney, Wyatt",06,,,,,,
bah0055,"Hardin, Benjamin",02,,,,,,
gch0028,"Harrison, George",11,,,,,,
meh0110,"Harrison, Matthew",09,,,,,,
klh0076,"Haynes, Kyle",07 ,,,,,,
pzh0029,"He, Peixiong",06,,,,,,
jrh0101,"Herring, Joshua",07 ,,,,,,
mjh0076,"Hewitt, Mary",11,,,,,,
bqh0001,"Hicks, Benjamin",06,,,,,,
tah0059,"Hilbish, Thomas",09,,,,,,
elh0046,"Hill, Ezra",10,,,,,,
clh0088,"Hineman, Chandler",11,,,,,,
kph0026,"Hinson, Kate",02,,,,,,
cch0030,"Hodge, Charles",07 ,,,,,,
jjh0049,"Holmes, Jashawn",06,,,,,,
jkh0030,"Horton, Jackson",05,,,,,,
adh0071,"Hovey, Andrew",10,,,,,,
jah0171,"Howard, Joseph",07 ,,,,,,
wah0028,"Humphlett, William",01,,,,,,
mai0010,"Ifekauche, Maya",07 ,,,,,,
izn0006,"Isaac, Nikhil",02,,,,,,
fzj0006,"Jalali, Farhang",01,,,,,,
jzj0085,"Jang, Jeonggyu",04,,,,,,
kzj0025,"Jeon, Kyeongjin",08,,,,,,
azj0044,"Jorgih, Alvin",03,,,,,,
poj0002,"Julian, Philip",04,,,,,,
tlk0021,"Karahalis, Theadora",07 ,,,,,,
txk0002,"Kendall, Terrance",06,,,,,,
jhk0026,"Kester, Jack",12,,,,,,
mzk0118,"Khattab, Marwan Ibrahim Sadek",01,,,,,,
snk0011,"Kilgore, Sarah",08,,,,,,
dzk0059,"Kim, DaHye",06,,,,,,
dzk0055,"Kim, Dowon",11,,,,,,
jzk0095,"Kim, Jaeyeon",06,,,,,,
yzk0057,"Kim, Yuhong",06,,,,,,
cek0037,"Kirkconnell, Caroline",01,,,,,,
jjk0020,"Kirkley, James",02,,,,,,
sjk0020,"Kluesner, Sean",02,,,,,,
xzk0003,"Kong, Xiangchen",08,,,,,,
azk0108,"Kotova, Anastasiia",08,,,,,,
jrl0066,"Laughlin, Jack",01,,,,,,
rnl0008,"Lawrence, Ryan",04,,,,,,
jzl0194,"Lee, Jisoo",09,,,,,,
bzl0065,"Li, Boyi",01,,,,,,
rzl0051,"Lian, Rui",08,,,,,,
szl0165,"Lin, Steven",12,,,,,,
zzl0053,"Lin, Zhenghao",10,,,,,,
yzl0217,"Liu, Yuzhou",08,,,,,,
jpl0029,"Lombardo, Joshua",09,,,,,,
kgl0020,"Lopez, Kelvin",12,,,,,,
ndl0005,"Lynn, Noah",09,,,,,,
jmm0191,"Maccarthy, James",05,,,,,,
acm0114,"Marbury, Alexandria",12,,,,,,
lam0097,"Martin, Lawrence",09,,,,,,
lbm0022,"Massey, Logan",02,,,,,,
ldm0025,"Massey, Logan",10,,,,,,
cam0143,"McAlpin, Cody",12,,,,,,
knm0042,"McCay, Kristen",03,,,,,,
cem0126,"McClendon, Caroline",09,,,,,,
jcm0074,"McClendon, Catherine",09,,,,,,
gtm0008,"McCormick, Gavin",03,,,,,,
hmm0046,"McCrossan, Haley",08,,,,,,
cjm0093,"McIntosh, Christopher",01,,,,,,
eem0036,"McKinney, Elizabeth",08,,,,,,
ctm0047,"McMillen, Colin",12,,,,,,
ezm0062,"Meeks, Emma",08,,,,,,
atm0046,"Miceli, Alexandria",01,,,,,,
jem0085,"Miller, Jacob",10,,,,,,
tbm0024,"Mitchell, Thomas",07 ,,,,,,
atm0042,"Mongold, Austin",04,,,,,,
anm0067,"Moore, Austin",07 ,,,,,,
szm0152,"Morgan, Shane",07 ,,,,,,
czm0111,"Morris, Charles",05,,,,,,
ncm0034,"Moyers, Noah",06,,,,,,
jem0101,"Mulligan, John",08,,,,,,
jrn0029,"Nunez-Calvo, Jose",12,,,,,,
wan0006,"Nutter, William",08,,,,,,
two0008,"Oliver, Thomas",09,,,,,,
yzp0023,"Pan, Yuantai",12,,,,,,
jsp0037,"Parker, John",01,,,,,,
mjp0048,"Parkes, Matthew",02,,,,,,
ecp0039,"Parkhurst, Emma",07 ,,,,,,
jrp0070,"Pass, Jackson",08,,,,,,
sap0042,"Patel, Shan",09,,,,,,
sbp0023,"Perry, Steven",10,,,,,,
grp0016,"Phillips, Grayson",11,,,,,,
jsp0057,"Phillips, Joshua",10,,,,,,
tlp0027,"Pierre, Tiyana",08,,,,,,
jzp0101,"Pina Carvalho de Melo, Jesse Antonio",06,,,,,,
rmp0034,"Pitser, Reid",06,,,,,,
blp0021,"Plage, Britt",02,,,,,,
mjp0055,"Plexico, Matthew",04,,,,,,
mrp0049,"Powell, Matthew",02,,,,,,
ktp0012,"Powers, Kaleb",09,,,,,,
qzq0004,"Que, Qi",11,,,,,,
etr0012,"Rayner, Easton",01,,,,,,
yzr0011,"Ren, Yingkai",09,,,,,,
wdr0019,"Renner, William",03,,,,,,
bcr0022,"Rice, Brenden",05,,,,,,
cjr0058,"Rice, Connor",09,,,,,,
nzr0028,"Rigdon, Nathan",07 ,,,,,,
jsr0040,"Risse, Jackson",05,,,,,,
dwr0015,"Root, Daniel",07 ,,,,,,
bsr0017,"Rothermel, Benjamin",02,,,,,,
cgs0038,"Schmieder, Carlton",07 ,,,,,,
zts0012,"Seeley, Zachary",09,,,,,,
szs0218,"Sethi, Sanchit",03,,,,,,
wjs0023,"Shaw, William",07 ,,,,,,
nbs0020,"Shear, Nathaniel",02,,,,,,
mzs0136,"Sheng, Ming",07 ,,,,,,
zzs0026,"Sheng, Zhi",09,,,,,,
nas0047,"Skarupa, Nicholas",01,,,,,,
ajs0154,"Smith, Andrew",08,,,,,,
cas0165,"Smith, Christopher",03,,,,,,
bcs0048,"Smythe, Brantley",08,,,,,,
tzs0072,"Soe, Thit Lwin",04,,,,,,
wzs0028,"Song, Wenzhe",05,,,,,,
als0132,"Standerfer, Avery",03,,,,,,
chs0038,"Stevenson, Charles",09,,,,,,
aws0030,"Stone, Ashton",07 ,,,,,,
crs0102,"Sykes, Chad",02,,,,,,
lgt0013,"Tabares, Luis",02,,,,,,
rzt0035,"Tao, Rui",08,,,,,,
bct0017,"Taylor, Benjamin",09,,,,,,
jdt0049,"Terk, Joshua",02,,,,,,
sdt0031,"Towery, Samuel",03,,,,,,
stt0013,"Townsend, Shephard",08,,,,,,
tht0004,"Tricquet, Tyler",01,,,,,,
sjt0028,"Trotter, Samuel",02,,,,,,
wjt0010,"Turner, William",05,,,,,,
mzu0003,"Underwood, Mortelle Jr.",02,,,,,,
lgv0002,"Vanstone, Laurie",07 ,,,,,,
eev0008,"Vaughn, Evelyn",07 ,,,,,,
rjv0010,"Vodre, Reece",06,,,,,,
wpv0002,"Volino, William",03,,,,,,
pzw0020,"Wang, Peide",09,,,,,,
tzw0049,"Wang, Tianlun",04,,,,,,
yzw0103,"Wang, Yixiang",04,,,,,,
yzw0114,"Wang, Yufei",05,,,,,,
jfw0006,"Warren, Joseph",01,,,,,,
drw0024,"Watson, Davis",03,,,,,,
jhw0047,"West, John",07 ,,,,,,
hdw0007,"Westerlund, Hunter",08,,,,,,
htw0008,"Whitehurst, Hunter",07 ,,,,,,
rsw0027,"Wiginton, Reagan",01,,,,,,
szw0111,"Wijaya, Stanley Thomas",10,,,,,,
caw0125,"Wilson, Christian",09,,,,,,
jaw0133,"Wyatt, Joshua",11,,,,,,
tzx0010,"Xu, Tianshi",05,,,,,,
wsy0001,"Yates, William",04,,,,,,
zzy0042,"Yuan, Ziqiao",09,,,,,,
dzz0026,"Zhang, Dingbang",11,,,,,,
zzz0094,"Zhang, Zhongfu",02,,,,,,
mzb0128,"Bafarat, Mohammed Abdullah M",10,,,,,,
jhh0050,"Holyfield, John",05,,,,,,
szm0108,"Mohammadi, Samira",01,,,,,,
dnp0014,"Patel, Drew",11,,,,,,
kzs0104,"Sun, Kai",02,,,,,,
wnw0003,"Walker, Wesley",09,,,,,,
hlb0035,"Bias, Hunter",08,,,,,,
brb0056,"Billingsley, Benton",08,,,,,,
zzc0035,"Chen, Zheyu",10,,,,,,
lrd0028,"Degenaar, Lia",07 ,,,,,,
mdg0010,"Goodwin, Mitchell",10,,,,,,
adh0072,"Hernandez, Alexander",12,,,,,,
pjm0034,"McWhorter, Parker",09,,,,,,
jar0096,"Reinken, Jaxon",09,,,,,,
msw0049,"Wurstner, Matthew",10,,,,,,